{
    "breakout_sig": 0,
    "breakout_conf": 0.0,
    "mean_reversion_sig": 0,
    "mean_reversion_conf": 0.0,
    "fibonacci_0.236": 236.8312716064453,
    "fibonacci_0.382": 223.10435321044923,
    "fibonacci_0.5": 212.00999450683594,
    "fibonacci_0.618": 200.91563580322264,
    "fibonacci_0.786": 185.12027764892576,
    "swing_sig": 0,
    "swing_conf": 0.0,
    "scalping_helper_sig": 0,
    "scalping_helper_conf": 0.0,
    "regime_sig": 1,
    "regime_conf": 0.63,
    "trend_strength_sig": 1,
    "trend_strength_conf": 0.07,
    "volume_spike_sig": 0,
    "volume_spike_conf": 0.0,
    "volume_spike_confidence": 0.0,
    "volume_spike_avg_volume": 61354610.0,
    "macd_strategy_sig": 1,
    "macd_strategy_conf": 0.25,
    "bollinger_strategy_sig": 0,
    "bollinger_strategy_conf": 0.0,
    "ichimoku_sig": 1,
    "ichimoku_conf": 0.0,
    "psar_trend_sig": 1,
    "psar_trend_conf": 0.0,
    "psar_trend_psar_value": 235.557691245708,
    "kama_slope_sig": 1,
    "kama_slope_conf": 0.0,
    "kama_slope_value": 247.52366089842212,
    "trix_momentum_sig": 1,
    "trix_momentum_conf": 0.0,
    "trix_momentum_value": 0.36647235679916473,
    "obv_sig": -1,
    "obv_conf": 0.0,
    "obv_value": 2263694600.0,
    "cmf_sig": 1,
    "cmf_conf": 0.0,
    "cmf_value": 0.1998216541269734,
    "mfi_sig": 1,
    "mfi_conf": 0.0,
    "mfi_value": 75.10857231533367,
    "eom_sig": 1,
    "eom_conf": 0.0,
    "eom_value": 10.370088870253788,
    "force_index_sig": 1,
    "force_index_conf": 0.0,
    "force_index_value": 178083111.58578125,
    "adl_sig": -1,
    "adl_conf": 0.0,
    "adl_value": 841422329.0579833,
    "vpt_sig": -1,
    "vpt_conf": 0.0,
    "vpt_value": 48706049.1229987,
    "keltner_sig": 1,
    "keltner_conf": 0.0,
    "keltner_upper": 244.94816970825195,
    "keltner_lower": 236.07916488647462,
    "keltner_close": 255.4600067138672,
    "donchian_sig": 0,
    "donchian_conf": 0.0,
    "donchian_upper": 257.6000061035156,
    "donchian_lower": 225.9499969482422,
    "donchian_close": 255.4600067138672,
    "stoch_rsi_sig": 1,
    "stoch_rsi_conf": 0.0,
    "stoch_rsi_value": 0.8029365782812299,
    "ultimate_osc_sig": 1,
    "ultimate_osc_conf": 0.0,
    "ultimate_osc_value": 63.88368968862981,
    "awesome_osc_sig": 1,
    "awesome_osc_conf": 0.0,
    "awesome_osc_value": 18.37714969410615,
    "tsi_sig": 1,
    "tsi_conf": 0.0,
    "tsi_value": 35.36450231718013,
    "cci_sig": 1,
    "cci_conf": 0.0,
    "cci_value": 136.87527126396927,
    "williams_r_sig": -1,
    "williams_r_conf": 0.0,
    "williams_r_value": -6.761449512225107,
    "roc_sig": 1,
    "roc_conf": 0.0,
    "roc_value": 12.641657161461461,
    "adx_sig": 1,
    "adx_conf": 0.0,
    "adx_value": 30.63006554521556,
    "adx_pos_sig": 1,
    "adx_pos_conf": 0.0,
    "adx_pos_value": 38.15877896964103,
    "adx_neg_sig": 1,
    "adx_neg_conf": 0.0,
    "adx_neg_value": 14.88017984788111,
    "supertrend_sig": 1,
    "supertrend_conf": 0.0,
    "supertrend_value": 240.5086539508003,
    "supertrend_close": 255.4600067138672,
    "hma_sig": 1,
    "hma_conf": 0.0,
    "hma_value": 248.346746635437
}